店名,住所,電話番号,取扱品種,レビュー1,レビュー2,レビュー3,レビュー4,レビュー5,営業時間,概要,評価,ウェブサイトURL,lat,lng,店名from Google,住所from Google
ｍａｍｍ　ｍｉａ（マンマミーア,東京都千代田区一ツ橋　１丁目１－１,332142809,0458:ヱビス樽生　２０Ｌ,"【ボリュームたっぷりの茹で上げパスタの名店、ミートソースが美味しければハズレなし、を実感できる人気店‼︎】

竹橋駅直結のパレスサイドビルの1階にあるパスタ専門店です。アルデンテに茹で上げられたパスタはトマト系、オイル系、クリーム系、和風と豊富なメニューを誇ります。
パスタのボリュームも十分、デフォルトで他のお店の大盛りくらいありますので、コスパは大変良いと思います。ランチタイムでは特にセットものはないですが、単品でサラダなどをつけてもリーズナブルな価格帯なので、気軽に利用できると思います。",めちゃくちゃボリュームたっぷりなパスタ屋さんです。メニューも豊富だし美味しい。大盛の値段は張るけど2.5人前ぐらいのボリュームなのでコスパはとても良い。あと粉チーズをリクエストすれば無料でトッピング出来るのでオススメです。,"初訪問。
いつもランチタイムには大行列ができているマンマミーアさん。
ランチが遅くなったこの日、やっと行くことができました。

メニューはたらこ系なども豊富で、個人的な好みドンピシャのラインナップ。
この日はたらこ、しめじ、なすのパスタを注文。

しっかりとたらこが入ったパスタは、普通盛りでもしっかりとしたボリューム。
見た目も綺麗で、当然味も期待していた味。
ひとくち食べて、これこれ、と心の中でつぶやきました。

ここは通います。
ご馳走様でした！","ランチで利用。
20分程並びました。
付近の会社勤務の方とおぼしき人達が多数並んでいらっしゃいます。
ソレなりに回転が良いので、30分は待つことはないかな。
しかしサラリーマンの昼飯時の20分は貴重。
列を見て諦める方も多数（笑）。
ミニサラダもちゃんと美味しい。
あとはとにかく、パスタの量が多い!
多分、他店の1.5倍はあると思う。
でも、量だけでなく美味しいので、行列が出来るのが判ります。
同じビル内に、ランチができる店は多数ありますが、他は並べず入れるみたい。
小食じゃない方ならオススメ。","ランチ利用。絶望とミニサラダを注文。ミニサラダにはキッシュを細かく切った物が入っていて良かった。パスタもソースがとても美味しかった。量が少し多め。麺少なめの注文も出来るようだ。
12時になる前には満席となる。席の回転は早め。","['月曜日: 11時30分～15時00分, 17時00分～21時00分', '火曜日: 11時30分～15時00分, 17時00分～21時00分', '水曜日: 11時30分～15時00分, 17時00分～21時00分', '木曜日: 11時30分～15時00分, 17時00分～21時00分', '金曜日: 11時30分～15時00分, 17時00分～21時00分', '土曜日: 定休日', '日曜日: 定休日']",,4,http://mammamia.ehoh.net/,35.69069159999999,139.7582378,イタリア食堂 マンマミーア,〒100-0003 東京都千代田区一ツ橋１丁目１−１
ｍａｍｍ　ｍｉａ（マンマミーア,東京都千代田区一ツ橋　１丁目１－１,332142809,0806:ヱビス樽生　１０Ｌ,"【ボリュームたっぷりの茹で上げパスタの名店、ミートソースが美味しければハズレなし、を実感できる人気店‼︎】

竹橋駅直結のパレスサイドビルの1階にあるパスタ専門店です。アルデンテに茹で上げられたパスタはトマト系、オイル系、クリーム系、和風と豊富なメニューを誇ります。
パスタのボリュームも十分、デフォルトで他のお店の大盛りくらいありますので、コスパは大変良いと思います。ランチタイムでは特にセットものはないですが、単品でサラダなどをつけてもリーズナブルな価格帯なので、気軽に利用できると思います。",めちゃくちゃボリュームたっぷりなパスタ屋さんです。メニューも豊富だし美味しい。大盛の値段は張るけど2.5人前ぐらいのボリュームなのでコスパはとても良い。あと粉チーズをリクエストすれば無料でトッピング出来るのでオススメです。,"初訪問。
いつもランチタイムには大行列ができているマンマミーアさん。
ランチが遅くなったこの日、やっと行くことができました。

メニューはたらこ系なども豊富で、個人的な好みドンピシャのラインナップ。
この日はたらこ、しめじ、なすのパスタを注文。

しっかりとたらこが入ったパスタは、普通盛りでもしっかりとしたボリューム。
見た目も綺麗で、当然味も期待していた味。
ひとくち食べて、これこれ、と心の中でつぶやきました。

ここは通います。
ご馳走様でした！","ランチで利用。
20分程並びました。
付近の会社勤務の方とおぼしき人達が多数並んでいらっしゃいます。
ソレなりに回転が良いので、30分は待つことはないかな。
しかしサラリーマンの昼飯時の20分は貴重。
列を見て諦める方も多数（笑）。
ミニサラダもちゃんと美味しい。
あとはとにかく、パスタの量が多い!
多分、他店の1.5倍はあると思う。
でも、量だけでなく美味しいので、行列が出来るのが判ります。
同じビル内に、ランチができる店は多数ありますが、他は並べず入れるみたい。
小食じゃない方ならオススメ。","ランチ利用。絶望とミニサラダを注文。ミニサラダにはキッシュを細かく切った物が入っていて良かった。パスタもソースがとても美味しかった。量が少し多め。麺少なめの注文も出来るようだ。
12時になる前には満席となる。席の回転は早め。","['月曜日: 11時30分～15時00分, 17時00分～21時00分', '火曜日: 11時30分～15時00分, 17時00分～21時00分', '水曜日: 11時30分～15時00分, 17時00分～21時00分', '木曜日: 11時30分～15時00分, 17時00分～21時00分', '金曜日: 11時30分～15時00分, 17時00分～21時00分', '土曜日: 定休日', '日曜日: 定休日']",,4,http://mammamia.ehoh.net/,35.69069159999999,139.7582378,イタリア食堂 マンマミーア,〒100-0003 東京都千代田区一ツ橋１丁目１−１
かっぽうぎ　竹橋パレスサイドビル店,東京都千代田区一ツ橋　１丁目１－１　パレスサイドビル　１Ｆ,352232225,P297:黒ラベル樽生２０Ｌ,"成行で入った店です。
何と1コイン500円ランチの店でした。
棚に置かれている料理の中から、メインを1つ、小鉢を２つをとり、ごはんと味噌汁がつきます。

私はメインを唐揚げにし、小鉢は冷奴とカボチャの煮物にしました。

メインは揚げ物だけでなく、魚もあります。
サラリーマンにとって、うってつけの定食ランチです。
500円の手軽さはたまりませんね。","【家庭の和食料理を楽しむならこちら、お昼の4品定食はお得感いっぱい‼︎】

竹橋のパレスサイドビルにある定食屋です。夜は居酒屋になるようです、
ランチタイムは4品定食屋の一択になります。
主菜、副菜3品、味噌汁、ご飯がついているもので、下手をすると自宅の食事より豪華かもσ(^_^;) 主菜は肉も魚もあり、通年でサンマの塩焼きを食べられるのも魅力的です。ご飯は白飯か十六刻米を選べ、野菜たっぷりの味噌汁は油揚げも入っていました。副菜の種類も豊富で、選ぶ時に迷うのは仕方ないですね。
テイクアウトもあるので、レジにはお客さんがいつも並んでいました。中華料理とカレーの街の中で、ちょっとほっとできる食事があるのはありがたい存在です。","週一で利用しています！
ランチは値上がりして990円(税込)ですが
定食食べたい時はどうしてもここ。

平日の13時過ぎは比較的空いているので
落ち着いて過ごせます✨
今日は余ったおかずを1皿サービスしてもらいました◎",ランチはカウンターに並んでるおかずから好きな物を取る方式なのに補充が少なく開店近くじゃないと半分も残ってない状態に…,皇居マラソン後に慰労会で利用しています🎵お上さんがユニークでいこいの広場です。,"['月曜日: 11時30分～14時00分, 17時30分～23時00分', '火曜日: 11時30分～14時00分, 17時30分～23時00分', '水曜日: 11時30分～14時00分, 17時30分～23時00分', '木曜日: 11時30分～14時00分, 17時30分～23時00分', '金曜日: 11時30分～14時00分, 17時30分～23時00分', '土曜日: 定休日', '日曜日: 定休日']",家庭料理を提供するカウンター席完備の居酒屋チェーン。昼は惣菜とメインを選ぶ定食、夜は名物の牛すじ豆腐煮や玉子焼、おでんを提供。,3.7,http://www.kappougi.jp/,35.6908857,139.7576689,かっぽうぎ 竹橋パレスサイドビル店,〒100-0003 東京都千代田区一ツ橋１丁目１−１ パレスサイドビル 1階
ニユートーキヨー　パレスサイド店,東京都千代田区一ツ橋　１丁目１－１　パレスサイドビル地下１階,332162411,P297:黒ラベル樽生２０Ｌ,"ランチで利用。ハンバーグはおいしかったです。王道の味でした。
付け合せもたっぷりでお腹いっぱいでした。スープも意外に具が多く満足しました。","ランチで利用。
特筆するような味と量ではない。
ドリンクとスープはセルフ、スマホからオーダーするシステム、店員は忙しそうにバタバタしてて落ち着かないけど1,500円は多分リピートはない。
立地だけで行列ができているというお店。
夜なんてましてや利用する気にもならない。","昔よく訪れたニュートーキョー。
何十年ぶりに、東京国立近代美術館を見る前に腹ごしらえしました。
毎日新聞社となりの地下を入るところに数店舗お店があり、こちらでランチをしました。
お肉をメインに扱ってるようで、唐揚げランチと、ステーキランチを頂きました。
ハンバーグは手こねらしく、美味しかったです。
ハンバーグ&カットステーキは、牛豚鶏と日によってステーキ肉が違うそうです。
牛に期待してましたが鶏でした…。
唐揚げは、小さいです。
お味噌汁、ドリンクは飲み放題（アイスティーとアイスコーヒーのみですが…）なので、ゆっくり利用したい方には、お得かも知れません。",ランチも含めてお肉系のメニューが中心です。外食も減り奮発してビーフステーキ200gを注文しました。大盛りは有料のようで注意してください。店内に喫煙所が有ります(*ノω`*),"肉食系ランチ…
天気も良く、皇居外周には人でがかなり出ており、皇居周辺の桜鑑賞に訪れている光景が見られる中、平川門前にある、毎日新聞社(パレスサイドビル)の地下レストランフロアに潜入し
牛肉じゅうじゅう鉄板焼きを注文。煙が立ち上がりネーミング通りじゅうじゅうと効果音。熱々の鉄板が運ばれて来た。タレの匂いが、これまた食欲をそそる。脇にはスクランブルエッグが添えられて、肉の下にある野菜と一緒に頬張ると満足感ありありです。
美味しかった。ご馳走さまです。","['月曜日: 11時30分～21時00分', '火曜日: 11時30分～21時00分', '水曜日: 11時30分～22時00分', '木曜日: 11時30分～22時00分', '金曜日: 11時30分～22時00分', '土曜日: 定休日', '日曜日: 定休日']",,3.4,https://shop.newtokyo.co.jp/newtokyo/paresside/,35.69090389999999,139.7571069,ニユートーキヨー パレスサイドビル店,〒100-0003 東京都千代田区一ツ橋１丁目１−１ パレスサイドビル 地下 1階
ニユートーキヨー　パレスサイド店,東京都千代田区一ツ橋　１丁目１－１　パレスサイドビル地下１階,332162411,S016:エーデル樽生１０Ｌ,"ランチで利用。ハンバーグはおいしかったです。王道の味でした。
付け合せもたっぷりでお腹いっぱいでした。スープも意外に具が多く満足しました。","ランチで利用。
特筆するような味と量ではない。
ドリンクとスープはセルフ、スマホからオーダーするシステム、店員は忙しそうにバタバタしてて落ち着かないけど1,500円は多分リピートはない。
立地だけで行列ができているというお店。
夜なんてましてや利用する気にもならない。","昔よく訪れたニュートーキョー。
何十年ぶりに、東京国立近代美術館を見る前に腹ごしらえしました。
毎日新聞社となりの地下を入るところに数店舗お店があり、こちらでランチをしました。
お肉をメインに扱ってるようで、唐揚げランチと、ステーキランチを頂きました。
ハンバーグは手こねらしく、美味しかったです。
ハンバーグ&カットステーキは、牛豚鶏と日によってステーキ肉が違うそうです。
牛に期待してましたが鶏でした…。
唐揚げは、小さいです。
お味噌汁、ドリンクは飲み放題（アイスティーとアイスコーヒーのみですが…）なので、ゆっくり利用したい方には、お得かも知れません。",ランチも含めてお肉系のメニューが中心です。外食も減り奮発してビーフステーキ200gを注文しました。大盛りは有料のようで注意してください。店内に喫煙所が有ります(*ノω`*),"肉食系ランチ…
天気も良く、皇居外周には人でがかなり出ており、皇居周辺の桜鑑賞に訪れている光景が見られる中、平川門前にある、毎日新聞社(パレスサイドビル)の地下レストランフロアに潜入し
牛肉じゅうじゅう鉄板焼きを注文。煙が立ち上がりネーミング通りじゅうじゅうと効果音。熱々の鉄板が運ばれて来た。タレの匂いが、これまた食欲をそそる。脇にはスクランブルエッグが添えられて、肉の下にある野菜と一緒に頬張ると満足感ありありです。
美味しかった。ご馳走さまです。","['月曜日: 11時30分～21時00分', '火曜日: 11時30分～21時00分', '水曜日: 11時30分～22時00分', '木曜日: 11時30分～22時00分', '金曜日: 11時30分～22時00分', '土曜日: 定休日', '日曜日: 定休日']",,3.4,https://shop.newtokyo.co.jp/newtokyo/paresside/,35.69090389999999,139.7571069,ニユートーキヨー パレスサイドビル店,〒100-0003 東京都千代田区一ツ橋１丁目１−１ パレスサイドビル 地下 1階
ニユートーキヨー　パレスサイド店,東京都千代田区一ツ橋　１丁目１－１　パレスサイドビル地下１階,332162411,P296:黒ラベル樽生１０Ｌ,"ランチで利用。ハンバーグはおいしかったです。王道の味でした。
付け合せもたっぷりでお腹いっぱいでした。スープも意外に具が多く満足しました。","ランチで利用。
特筆するような味と量ではない。
ドリンクとスープはセルフ、スマホからオーダーするシステム、店員は忙しそうにバタバタしてて落ち着かないけど1,500円は多分リピートはない。
立地だけで行列ができているというお店。
夜なんてましてや利用する気にもならない。","昔よく訪れたニュートーキョー。
何十年ぶりに、東京国立近代美術館を見る前に腹ごしらえしました。
毎日新聞社となりの地下を入るところに数店舗お店があり、こちらでランチをしました。
お肉をメインに扱ってるようで、唐揚げランチと、ステーキランチを頂きました。
ハンバーグは手こねらしく、美味しかったです。
ハンバーグ&カットステーキは、牛豚鶏と日によってステーキ肉が違うそうです。
牛に期待してましたが鶏でした…。
唐揚げは、小さいです。
お味噌汁、ドリンクは飲み放題（アイスティーとアイスコーヒーのみですが…）なので、ゆっくり利用したい方には、お得かも知れません。",ランチも含めてお肉系のメニューが中心です。外食も減り奮発してビーフステーキ200gを注文しました。大盛りは有料のようで注意してください。店内に喫煙所が有ります(*ノω`*),"肉食系ランチ…
天気も良く、皇居外周には人でがかなり出ており、皇居周辺の桜鑑賞に訪れている光景が見られる中、平川門前にある、毎日新聞社(パレスサイドビル)の地下レストランフロアに潜入し
牛肉じゅうじゅう鉄板焼きを注文。煙が立ち上がりネーミング通りじゅうじゅうと効果音。熱々の鉄板が運ばれて来た。タレの匂いが、これまた食欲をそそる。脇にはスクランブルエッグが添えられて、肉の下にある野菜と一緒に頬張ると満足感ありありです。
美味しかった。ご馳走さまです。","['月曜日: 11時30分～21時00分', '火曜日: 11時30分～21時00分', '水曜日: 11時30分～22時00分', '木曜日: 11時30分～22時00分', '金曜日: 11時30分～22時00分', '土曜日: 定休日', '日曜日: 定休日']",,3.4,https://shop.newtokyo.co.jp/newtokyo/paresside/,35.69090389999999,139.7571069,ニユートーキヨー パレスサイドビル店,〒100-0003 東京都千代田区一ツ橋１丁目１−１ パレスサイドビル 地下 1階
如水会館　一橋クラブ,東京都千代田区一ツ橋　２丁目１－１,332656054,0458:ヱビス樽生　２０Ｌ,"【年に一度テナントに解放される会員制クラブでハイソなランチタイム(^ ^)】

一橋大学のOB会である如水会の会員専用レストランです。年に一度、如水会ビルのテナント関係者に解放される期間があり、ランチやバーを利用できます。料理やドリンクのお値段はこの界隈のお店とほとんど変わりません。むしろお安めかもしれません。
皇居を望むラウンジも利用できるので、期間限定ですがハイレベルな雰囲気を楽しめますので、機会がある方はぜひ行かれてはいかがでしょうか?",如水会館最上階の14階にある。如水会員と同伴者のみ入店可。皇居に面しており、眺めは格別に良い。東京タワーとスカイツリーも見え、夜景も素晴らしい。フードメニューも一通りあり、値段も安め。平日のみの営業であり、客層はほぼご年配の方々のみ。,以前如水会館のマーキュリーで昼食しましたが友人が一橋クラブの会員なっていたので友人らと初めて来店しました、リーズナブルで美味しくいただきました、ご馳走様でした。,,,"['月曜日: 11時30分～14時00分, 17時00分～21時00分', '火曜日: 11時30分～14時00分, 17時00分～21時00分', '水曜日: 11時30分～14時00分, 17時00分～21時00分', '木曜日: 11時30分～14時00分, 17時00分～21時00分', '金曜日: 11時30分～14時00分, 17時00分～21時00分', '土曜日: 11時30分～14時00分, 17時00分～21時00分', '日曜日: 11時30分～14時00分, 17時00分～21時00分']",,4.4,https://www.josuikai.net/club14/,35.6920295,139.7583695,一橋クラブ レストラン,〒101-0003 東京都千代田区一ツ橋２丁目１−１ 如水会館 14F
如水会館　一橋クラブ,東京都千代田区一ツ橋　２丁目１－１,332656054,0458:ヱビス樽生　２０Ｌ,"【年に一度テナントに解放される会員制クラブでハイソなランチタイム(^ ^)】

一橋大学のOB会である如水会の会員専用レストランです。年に一度、如水会ビルのテナント関係者に解放される期間があり、ランチやバーを利用できます。料理やドリンクのお値段はこの界隈のお店とほとんど変わりません。むしろお安めかもしれません。
皇居を望むラウンジも利用できるので、期間限定ですがハイレベルな雰囲気を楽しめますので、機会がある方はぜひ行かれてはいかがでしょうか?",如水会館最上階の14階にある。如水会員と同伴者のみ入店可。皇居に面しており、眺めは格別に良い。東京タワーとスカイツリーも見え、夜景も素晴らしい。フードメニューも一通りあり、値段も安め。平日のみの営業であり、客層はほぼご年配の方々のみ。,以前如水会館のマーキュリーで昼食しましたが友人が一橋クラブの会員なっていたので友人らと初めて来店しました、リーズナブルで美味しくいただきました、ご馳走様でした。,,,"['月曜日: 11時30分～14時00分, 17時00分～21時00分', '火曜日: 11時30分～14時00分, 17時00分～21時00分', '水曜日: 11時30分～14時00分, 17時00分～21時00分', '木曜日: 11時30分～14時00分, 17時00分～21時00分', '金曜日: 11時30分～14時00分, 17時00分～21時00分', '土曜日: 11時30分～14時00分, 17時00分～21時00分', '日曜日: 11時30分～14時00分, 17時00分～21時00分']",,4.4,https://www.josuikai.net/club14/,35.6920295,139.7583695,一橋クラブ レストラン,〒101-0003 東京都千代田区一ツ橋２丁目１−１ 如水会館 14F
如水会館,東京都千代田区一ツ橋　２丁目１－１,332611101,P297:黒ラベル樽生２０Ｌ,ウインターファミリーバイキングに伺いました。はじめにオードブルが出て、それからはビュッフェ形式です。多種で、何を食べても美味しかったです。特に、ヒレのソテーが柔らかくて絶品でした。東京會舘らしく、ダブルコンソメのスープ、ローストビーフやマロンシャンテリーも満喫しました。2時間ゆっくりいただきました。,"如水会館 の中にあるレストラン マーキュリー でランチをしました。
仕事の関係者との会合でした。

静かなレストランで
食事も適量で
非常にリーズナブルで
使いやすい場所です。",レストラン・ジュピターにて年４回【美食と音楽のサロン】に伺わせて戴いてます。,美味しい料理を楽しめるレストランが揃っています。神保町駅のA8番出口から出て直ぐの便利なロケーションに有ります。,"2022年10月16日(日)に利用。

ビュッフェスタイルのランチ付きショーに参加。

料理が人数分なくて早い者勝ち。

給仕の目配せも悪く、空いた皿を片付けるテーブルと放置するテーブルがあり、放置されたテーブルに座っていたので何度か呼び止めて片付けてもらう始末。

この会場でやるイベントには２度と参加したくないと感じた。

オススメしません。","['月曜日: 11時30分～21時30分', '火曜日: 11時30分～21時30分', '水曜日: 11時30分～21時30分', '木曜日: 11時30分～21時30分', '金曜日: 11時30分～21時30分', '土曜日: 11時30分～21時30分', '日曜日: 11時30分～21時30分']",,3.8,https://www.kaikan.co.jp/josui/,35.6920295,139.7583695,如水会館,〒101-0003 東京都千代田区一ツ橋２丁目１−１ 如水会ビルディング
如水会館,東京都千代田区一ツ橋　２丁目１－１,332611101,P297:黒ラベル樽生２０Ｌ,ウインターファミリーバイキングに伺いました。はじめにオードブルが出て、それからはビュッフェ形式です。多種で、何を食べても美味しかったです。特に、ヒレのソテーが柔らかくて絶品でした。東京會舘らしく、ダブルコンソメのスープ、ローストビーフやマロンシャンテリーも満喫しました。2時間ゆっくりいただきました。,"如水会館 の中にあるレストラン マーキュリー でランチをしました。
仕事の関係者との会合でした。

静かなレストランで
食事も適量で
非常にリーズナブルで
使いやすい場所です。",レストラン・ジュピターにて年４回【美食と音楽のサロン】に伺わせて戴いてます。,美味しい料理を楽しめるレストランが揃っています。神保町駅のA8番出口から出て直ぐの便利なロケーションに有ります。,"2022年10月16日(日)に利用。

ビュッフェスタイルのランチ付きショーに参加。

料理が人数分なくて早い者勝ち。

給仕の目配せも悪く、空いた皿を片付けるテーブルと放置するテーブルがあり、放置されたテーブルに座っていたので何度か呼び止めて片付けてもらう始末。

この会場でやるイベントには２度と参加したくないと感じた。

オススメしません。","['月曜日: 11時30分～21時30分', '火曜日: 11時30分～21時30分', '水曜日: 11時30分～21時30分', '木曜日: 11時30分～21時30分', '金曜日: 11時30分～21時30分', '土曜日: 11時30分～21時30分', '日曜日: 11時30分～21時30分']",,3.8,https://www.kaikan.co.jp/josui/,35.6920295,139.7583695,如水会館,〒101-0003 東京都千代田区一ツ橋２丁目１−１ 如水会ビルディング
如水会館　ビアガーデン,東京都千代田区一ツ橋　２丁目１－１,332611101,0458:ヱビス樽生　２０Ｌ,ウインターファミリーバイキングに伺いました。はじめにオードブルが出て、それからはビュッフェ形式です。多種で、何を食べても美味しかったです。特に、ヒレのソテーが柔らかくて絶品でした。東京會舘らしく、ダブルコンソメのスープ、ローストビーフやマロンシャンテリーも満喫しました。2時間ゆっくりいただきました。,"如水会館 の中にあるレストラン マーキュリー でランチをしました。
仕事の関係者との会合でした。

静かなレストランで
食事も適量で
非常にリーズナブルで
使いやすい場所です。",レストラン・ジュピターにて年４回【美食と音楽のサロン】に伺わせて戴いてます。,美味しい料理を楽しめるレストランが揃っています。神保町駅のA8番出口から出て直ぐの便利なロケーションに有ります。,"2022年10月16日(日)に利用。

ビュッフェスタイルのランチ付きショーに参加。

料理が人数分なくて早い者勝ち。

給仕の目配せも悪く、空いた皿を片付けるテーブルと放置するテーブルがあり、放置されたテーブルに座っていたので何度か呼び止めて片付けてもらう始末。

この会場でやるイベントには２度と参加したくないと感じた。

オススメしません。","['月曜日: 11時30分～21時30分', '火曜日: 11時30分～21時30分', '水曜日: 11時30分～21時30分', '木曜日: 11時30分～21時30分', '金曜日: 11時30分～21時30分', '土曜日: 11時30分～21時30分', '日曜日: 11時30分～21時30分']",,3.8,https://www.kaikan.co.jp/josui/,35.6920295,139.7583695,如水会館,〒101-0003 東京都千代田区一ツ橋２丁目１−１ 如水会ビルディング
如水会館　ビアガーデン,東京都千代田区一ツ橋　２丁目１－１,332611101,P297:黒ラベル樽生２０Ｌ,ウインターファミリーバイキングに伺いました。はじめにオードブルが出て、それからはビュッフェ形式です。多種で、何を食べても美味しかったです。特に、ヒレのソテーが柔らかくて絶品でした。東京會舘らしく、ダブルコンソメのスープ、ローストビーフやマロンシャンテリーも満喫しました。2時間ゆっくりいただきました。,"如水会館 の中にあるレストラン マーキュリー でランチをしました。
仕事の関係者との会合でした。

静かなレストランで
食事も適量で
非常にリーズナブルで
使いやすい場所です。",レストラン・ジュピターにて年４回【美食と音楽のサロン】に伺わせて戴いてます。,美味しい料理を楽しめるレストランが揃っています。神保町駅のA8番出口から出て直ぐの便利なロケーションに有ります。,"2022年10月16日(日)に利用。

ビュッフェスタイルのランチ付きショーに参加。

料理が人数分なくて早い者勝ち。

給仕の目配せも悪く、空いた皿を片付けるテーブルと放置するテーブルがあり、放置されたテーブルに座っていたので何度か呼び止めて片付けてもらう始末。

この会場でやるイベントには２度と参加したくないと感じた。

オススメしません。","['月曜日: 11時30分～21時30分', '火曜日: 11時30分～21時30分', '水曜日: 11時30分～21時30分', '木曜日: 11時30分～21時30分', '金曜日: 11時30分～21時30分', '土曜日: 11時30分～21時30分', '日曜日: 11時30分～21時30分']",,3.8,https://www.kaikan.co.jp/josui/,35.6920295,139.7583695,如水会館,〒101-0003 東京都千代田区一ツ橋２丁目１−１ 如水会ビルディング
東京會舘　如水ビアガーデン,東京都千代田区一ツ橋　２丁目１－１　如水会館３Ｆ,332611101,P297:黒ラベル樽生２０Ｌ,ウインターファミリーバイキングに伺いました。はじめにオードブルが出て、それからはビュッフェ形式です。多種で、何を食べても美味しかったです。特に、ヒレのソテーが柔らかくて絶品でした。東京會舘らしく、ダブルコンソメのスープ、ローストビーフやマロンシャンテリーも満喫しました。2時間ゆっくりいただきました。,"如水会館 の中にあるレストラン マーキュリー でランチをしました。
仕事の関係者との会合でした。

静かなレストランで
食事も適量で
非常にリーズナブルで
使いやすい場所です。",レストラン・ジュピターにて年４回【美食と音楽のサロン】に伺わせて戴いてます。,美味しい料理を楽しめるレストランが揃っています。神保町駅のA8番出口から出て直ぐの便利なロケーションに有ります。,"2022年10月16日(日)に利用。

ビュッフェスタイルのランチ付きショーに参加。

料理が人数分なくて早い者勝ち。

給仕の目配せも悪く、空いた皿を片付けるテーブルと放置するテーブルがあり、放置されたテーブルに座っていたので何度か呼び止めて片付けてもらう始末。

この会場でやるイベントには２度と参加したくないと感じた。

オススメしません。","['月曜日: 11時30分～21時30分', '火曜日: 11時30分～21時30分', '水曜日: 11時30分～21時30分', '木曜日: 11時30分～21時30分', '金曜日: 11時30分～21時30分', '土曜日: 11時30分～21時30分', '日曜日: 11時30分～21時30分']",,3.8,https://www.kaikan.co.jp/josui/,35.6920295,139.7583695,如水会館,〒101-0003 東京都千代田区一ツ橋２丁目１−１ 如水会ビルディング
東京會舘　如水ビアガーデン,東京都千代田区一ツ橋　２丁目１－１　如水会館３Ｆ,332611101,P297:黒ラベル樽生２０Ｌ,ウインターファミリーバイキングに伺いました。はじめにオードブルが出て、それからはビュッフェ形式です。多種で、何を食べても美味しかったです。特に、ヒレのソテーが柔らかくて絶品でした。東京會舘らしく、ダブルコンソメのスープ、ローストビーフやマロンシャンテリーも満喫しました。2時間ゆっくりいただきました。,"如水会館 の中にあるレストラン マーキュリー でランチをしました。
仕事の関係者との会合でした。

静かなレストランで
食事も適量で
非常にリーズナブルで
使いやすい場所です。",レストラン・ジュピターにて年４回【美食と音楽のサロン】に伺わせて戴いてます。,美味しい料理を楽しめるレストランが揃っています。神保町駅のA8番出口から出て直ぐの便利なロケーションに有ります。,"2022年10月16日(日)に利用。

ビュッフェスタイルのランチ付きショーに参加。

料理が人数分なくて早い者勝ち。

給仕の目配せも悪く、空いた皿を片付けるテーブルと放置するテーブルがあり、放置されたテーブルに座っていたので何度か呼び止めて片付けてもらう始末。

この会場でやるイベントには２度と参加したくないと感じた。

オススメしません。","['月曜日: 11時30分～21時30分', '火曜日: 11時30分～21時30分', '水曜日: 11時30分～21時30分', '木曜日: 11時30分～21時30分', '金曜日: 11時30分～21時30分', '土曜日: 11時30分～21時30分', '日曜日: 11時30分～21時30分']",,3.8,https://www.kaikan.co.jp/josui/,35.6920295,139.7583695,如水会館,〒101-0003 東京都千代田区一ツ橋２丁目１−１ 如水会ビルディング
東京會舘　如水ビアガーデン,東京都千代田区一ツ橋　２丁目１－１　如水会館３Ｆ,332611101,P297:黒ラベル樽生２０Ｌ,ウインターファミリーバイキングに伺いました。はじめにオードブルが出て、それからはビュッフェ形式です。多種で、何を食べても美味しかったです。特に、ヒレのソテーが柔らかくて絶品でした。東京會舘らしく、ダブルコンソメのスープ、ローストビーフやマロンシャンテリーも満喫しました。2時間ゆっくりいただきました。,"如水会館 の中にあるレストラン マーキュリー でランチをしました。
仕事の関係者との会合でした。

静かなレストランで
食事も適量で
非常にリーズナブルで
使いやすい場所です。",レストラン・ジュピターにて年４回【美食と音楽のサロン】に伺わせて戴いてます。,美味しい料理を楽しめるレストランが揃っています。神保町駅のA8番出口から出て直ぐの便利なロケーションに有ります。,"2022年10月16日(日)に利用。

ビュッフェスタイルのランチ付きショーに参加。

料理が人数分なくて早い者勝ち。

給仕の目配せも悪く、空いた皿を片付けるテーブルと放置するテーブルがあり、放置されたテーブルに座っていたので何度か呼び止めて片付けてもらう始末。

この会場でやるイベントには２度と参加したくないと感じた。

オススメしません。","['月曜日: 11時30分～21時30分', '火曜日: 11時30分～21時30分', '水曜日: 11時30分～21時30分', '木曜日: 11時30分～21時30分', '金曜日: 11時30分～21時30分', '土曜日: 11時30分～21時30分', '日曜日: 11時30分～21時30分']",,3.8,https://www.kaikan.co.jp/josui/,35.6920295,139.7583695,如水会館,〒101-0003 東京都千代田区一ツ橋２丁目１−１ 如水会ビルディング
天重支店,東京都千代田区一番町１０－８　一番町ウエストビル　Ｂ１,332370267,0806:ヱビス樽生　１０Ｌ,"サクッと夕飯の天重を食べに行くことが多いんだけど、刺身なんかの居酒屋メニューもあって行ってみたいといつも思うんだよね。
天ぷらは流石に本格派。この先にあるジイさんがやってるもう少し高級なとこより旨いね。","夜の食事で6人でうかがいました。
玉こんにゃくの味の染み方をぜひご賞味いただきたいです。

女将さんに「当店、天ぷら屋ですので」とにこやかにいじっていただきましたが、それくらい天ぷら以外のお料理も美味しかったです。
もちろん、メインの天ぷら🍤も素材の味がプロの技で引き出されており、大満足でした。","13時前に2名で伺いました。
麹町でランチを探していたところ、こちらの店舗を見つけました。

混雑している時間を避けて向かいました。
店内到着は13時前には4組ほど、あとから3組ほど来ました。1人利用が多かったので、まだ席に余裕はありました。

頼んだメニュー

・天ぷら定食（月）×2
赤だし、お新香付き
天ぷら : エビ、イカ、かき揚げ、カボチャ、ピーマン、ゴーヤ、たしかナス？
天つゆと、塩で食べることができます。

天ぷらはサクサクで美味しい！そこらへんの天ぷらより美味しいでよ！ほんとに！
けど…男性でも量が多く、女性には多い量かと思います。
再訪した際は他のメニューを頼んでみます！","もともとは喫茶店なのかも知れません
カッコいいカウンターとテーブル席が有りますが、なんか天ぷら食べる場所っぽくありません
ただ、味は確かに美味しいです
天丼は、小海老が二本と芋、かき揚げです
衣はサクサクで、控えめなつゆと食べると、何とも言えない美味しさです
若干、油が強い気もしますが不快な感じではありません
パクパク食べられました
大盛りが無料だったので、次回はそうします","天丼が食べたくなり、ネットで検索して見つけました。地下１階なので階段を降りて入ります。降り口に看板が出ているのでわかります。看板にはメニューの写真もありいいですね。
店の中は年季を感じさせますが、テーブル席とソファー席がありました。カウンターもあるので20人は入れそう。グループでゆっくりしたい方はソファーがいいかも。テーブル席に着くとすぐにお茶とメニューが出され、「天丼」を注文。
主人が調理に取りかかります。
出された天丼は見た目は普通なものの、衣がサクッとして、具はジューシー。アツアツでしたが一気に食べすすんでしまいました。えび天、かき揚げ、じゃがいもなどの構成でした。かき揚げにも大きなむきエビが入っており満足しました。
他のメニューには、天ぷら定食、天重、かき揚げ丼などがあります。夜は刺し身とかで１杯なのかな。","['月曜日: 11時30分～14時30分, 17時00分～21時30分', '火曜日: 11時30分～14時30分, 17時00分～21時30分', '水曜日: 11時30分～14時30分, 17時00分～21時30分', '木曜日: 11時30分～14時30分, 17時00分～21時30分', '金曜日: 11時30分～14時30分, 17時00分～21時30分', '土曜日: 定休日', '日曜日: 定休日']",,3.9,https://tenshige-shiten.com/,35.68653399999999,139.739752,天重支店,〒102-0082 東京都千代田区一番町１０−８
イタリアン　麹町ＭＡＲ,東京都千代田区一番町１５－８,362723902,P296:黒ラベル樽生１０Ｌ,"ランチはどこに行こうかなと調べていてみつけた「イタリアン麹町MAR」。

口コミ見たら割と良い感じなので行ってみました♬

パスタ、キーマカレー、ハンバーグと選択肢があり、今回はハンバーグ💕

スープ、サラダが付いてきてコーヒー（紅茶）も2杯まで飲めて1100円。

麹町辺りはレストランが少ないのでこの金額でもあっという間に満席！

しかも外には並んでいる人もいる～

ハンバーグは野菜が添えてあり、ソースが良くお肉と絡んで美味しかったです。

次回はパスタを食べたいな💓

・マルの手作りハンバーグ

#イタリアン麹町MAR
#イタリアン
#麹町","コスパ抜群の洋食屋さん

平日のランチで12:50頃に入店しました。
以前13:15分ごろに行った際にはすでにクローズになっていたので12時台に行くのがおすすめです。

ハンバーグを注文しました。
スープ、サラダとご飯がついてきます。
ドリンクもあるようなのですが、セルフということを知らずに飲めませんでした。
ハンバーグは柔らかく上のチーズとデミグラスがとてもマッチしていて美味しかったです。
店員さんが忙しそうで少し接客は冷たい印象がありますが、料理はとても美味しく満足できました。","夜に飲み放題できました。ビールはハートランドの瓶。好きな人はいいでしょう。
前菜とピザ、パスタ共に料理はとてもよかったです。日本人好みの味になっていて美味しいです。肉料理が？と思いました。
お店の雰囲気が私にはあっていなかった。こればかりは相性だと思います。
最後、予算的に難しいかも知れませんがイタリアンコーヒーとデザートが出て来れば最高でした。
もう飲み放題でガブガブ飲む世の中でもないような。美味しいお酒を食事に合う形で振りまうタイプなら食事を十分楽しめますよね。","土曜のランチ利用、ランチセットは全メニューコーヒー付きで¥1,000、また機会があれば行きたい！(星3つ)

◆Quality : Great
立地・価格相応、普通に美味しい

◆Cost : Great
9,000JPY / nine persons

◆Time : Great
料理はすぐでる

◆Service : Good
雰囲気○、店員さん△","ランチで伺いました。
税込千円。サラダ、スープ、ドリンクつきです。
パスタが美味しいらしいのですが、伺った日は生憎やってなくオムライスにしました。
美味しかったですが、あんまり温かくなかったです。
それでも美味しかったので温かければなお良かった。今度はパスタを食べに伺います。","['月曜日: 11時30分～13時30分, 18時00分～21時00分', '火曜日: 11時30分～13時30分, 18時00分～21時00分', '水曜日: 11時30分～13時30分, 18時00分～21時00分', '木曜日: 11時30分～13時30分, 18時00分～21時00分', '金曜日: 11時30分～13時30分, 18時00分～21時00分', '土曜日: 11時30分～13時30分, 18時00分～21時00分', '日曜日: 定休日']",パスタやピッツァ、肉料理を中心にさまざまなイタリアンを提供。パーティー向きのコースも用意する。オーク調の店内には個室もあり。,3.8,https://www.tamago-net.com/koujimachi,35.6860489,139.7391461,麹町MAR,〒102-0082 東京都千代田区一番町１５−８
ＨＥＡＲＴＳ（ハーツ）,東京都千代田区一番町２３－２　ロイヤルコート１０２,332656789,0806:ヱビス樽生　１０Ｌ,ランチ利用です。女性客ばかりでした。ワンプレートランチで、スープ、サラダ、ごはん、メインがのっています。今日は和風おろしハンバーグを頼みました。量も味もちょうどいい感じです。席は少し狭めです。提供が速いので、仕事中ランチに助かります。,"テイクアウトを何回か利用したことがある毎回量が異なる。基本、少ない。
イートインの時は、忙しいのはわかるが食べ終わったのを見張っていたかのように、その瞬間すぐお皿を下げられる。気分が悪い。
自分より後に来て注文された方も自分と同じ料理を注文していたが、その方の方が先に料理が運ばれてきた。会社の休憩時間でランチに来ているが、だいぶ時間も待たされ、お待たせしましたなどの一言もなく、何事もなかったかのように料理を出された。びっくりしたし、残念だった。
料理は美味しくて好きだが、残念。行くのを躊躇う。","平日のランチで利用しました。
12時台は満席で少し待つ必要があります。

ハンバーグは肉汁が溢れてきてデミグラスソースとマッチして最高です。

ドリンクも付いてコスパ抜群のお店です。","仕事帰りに、ワインでちょっと
お手頃価格でお勧め出来るお店です。場所柄外国の方がお客に多いイメージです。
その為とは言いませんが、とてもにぎやかな時も有ります、店内狭いので音、声から逃げる事は出来ません。",ナポリタンが日本一美味しいと思います。パスタが独特で、モチモチしていてクセになる味です。,"['月曜日: 11時00分～23時30分', '火曜日: 11時00分～23時30分', '水曜日: 11時00分～23時30分', '木曜日: 11時00分～23時30分', '金曜日: 11時00分～23時30分', '土曜日: 11時30分～15時00分', '日曜日: 定休日']",,3.8,,35.6865203,139.7418602,ハーツ,〒102-0082 東京都千代田区一番町２３−２ 番町ロイヤルコート
